{"cameraMode":{"drawMode":0,"name":"Shaded","section":"Shading Mode"},"sceneLighting":false,"audioPlay":false,"sceneViewState":{"m_AlwaysRefresh":false,"showFog":true,"showSkybox":false,"showFlares":true,"showImageEffects":true,"showParticleSystems":true,"showVisualEffectGraphs":true,"m_FxEnabled":true},"in2DMode":false,"pivot":{"x":2.086162567138672e-7,"y":0.3778647184371948,"z":0.00807739794254303},"rotation":{"x":-0.0004026976239401847,"y":-0.998777449131012,"z":-0.04917002096772194,"w":0.007780143525451422},"size":0.8326263427734375,"orthographic":false}